panic_id,creation_method,is_false_alarm,meta_text,log_text,comment_text,form_text,procedure_text,tag_ids,tag_count
286655,0,False,creation=alerter false_alarm=no services=Armed Response,Incident Created | Incident Acknowledged | Calling Alerter | Armed Response service was assigned to incident | Armed Response service accepted by Mvumi Responder from ZINZOU Security Services. | Armed Response service for incident accepted. | Auto-dispatch stopped for Armed Response: Responder acknowledged service. Released 1 responder(s) from hunting pool. | Responder Mvumi Responder ETA updated: 07min ETA ±3.86 KM. | DISPATCH RECEIVED: Mvumi Responder - confirmed received at 2026-05-12 14:08:32. | DISPATCH SENT: Mvumi Responder - command sent at 2026-05-12 14:08:31. | Mvumi Responder (ZINZOU Security Services) arrived on scene at 2026-05-12 14:27:24. | Armed Response for incident was completed. | Time RO is on scene 14H:32M for Armed Response. | Calling Alerter | Incident Manually Resolved | Incident Rated,Client requesting an armed response at carishma funeral | Armed response confirmed a vehicle in the yard without a registration looked suspicious. All in order and contact made with client | All in order,Enter Name of Responding Partner: Zinzou Security and projects | Enter Name of Responding Officer: Mvumi johane | Enter Incident Description: Unknown Vehicle entering the place without plate license,,"eaf82b32-db2f-4b50-bccd-f99703333eb2,ed9181fa-90d9-4ea0-b291-d313c298d8d9,6cb504bc-af72-4b95-a3f5-d941ece8aab6",3
286916,4,True,creation=occurrence false_alarm=yes services=Armed Response occurrence_type=ride occurrence_source=api,Incident Created | Incident Acknowledged | Armed Response service was assigned to incident | Admin dispatched [TrekT Log] successfully | Indicated ETA is 00H:15M for Armed Response. | Calling Alerter | Lesego Sebeko (Liv Security) arrived on scene at 2026-05-12 23:32:50. | Time RO is on scene 23H:31M for Armed Response. | Armed Response for incident was completed. | Panic Emergency State set to False Alarm | Incident was completed.,eta 15 mins | cant get hold of the client please proceed | Ride Vehicle Details Make: Toyota Model: Avanza Registration: CM10SMZN Colour: white | arrival 23h31 | the wife says everything is fine we can cancel | vehicle located | all in order with the client | accidental press | thank you,Enter Name of Responding Partner: trekt | Enter Name of Responding Officer: simon | Enter Incident Description: bolt,,"d14cb39b-03d9-4a92-89b3-181ad33dec1c,6cb504bc-af72-4b95-a3f5-d941ece8aab6,ed9181fa-90d9-4ea0-b291-d313c298d8d9,5ca929f1-3906-47d1-b448-342414082c28",4
286926,4,False,creation=occurrence false_alarm=no services=Private Medical|Armed Response occurrence_type=ride occurrence_source=api,Incident Created | Incident Acknowledged | Private Medical service was assigned to incident | Admin dispatched [Rocket HEMS medical] successfully | Armed Response service was assigned to incident | Admin dispatched [Benneth Security] successfully | Armed Response service accepted by Benneth Sibiya from Benneth Security. | Responder Benneth Sibiya ETA updated: 09min ETA ±5.16 KM. | Calling Alerter | Indicated ETA is 00H:09M for Armed Response. | Vhutshilo Matshinge (Liv Security) arrived on scene at 2026-05-13 00:11:06. | Time RO is on scene 00H:07M for Private Medical. | Benneth Sibiya (Benneth Security) arrived on scene at 2026-05-13 00:14:44. | Time RO is on scene 00H:11M for Armed Response. | Armed Response for incident was completed. | Incident Manually Resolved,bolt driver involved in an accident while on a trip please dispatch private ambulance and bill to CASI passenger is injured | Nare Olvies Malema bolt driver got accident the passenger is injured | Just spoke to the client ambulance is on scene. | spoke to bolt driver he confirmed Medical emergency arrived at 12h06 | Benneth security can i have pictures | Ride Vehicle Details Make: Suzuki Model: S-Presso Registration: MP27MDGP Colour: orange | Still on the scene benneth security still onsite | Driver called the police | Standing down | Bolt driver got accident the passenger is injured dispatched rocket he called the police,Enter Name of Responding Partner: Benneth Security | Enter Name of Responding Officer: Benneth | Enter Incident Description: Accident,,"49db1ca6-2a0d-4e0a-a4dc-0342085b2489,3e85accc-dc19-4dab-a680-684cf33b6015,6cb504bc-af72-4b95-a3f5-d941ece8aab6,ed9181fa-90d9-4ea0-b291-d313c298d8d9",4
286965,4,False,creation=occurrence false_alarm=no services=Armed Response occurrence_type=ride occurrence_source=api,Incident Created | Incident Acknowledged | Armed Response service was assigned to incident | Admin dispatched [Lapua Strike Force] successfully | Armed Response service accepted by Lapua 1 from Lapua Strike Force. | Auto-dispatch stopped for Armed Response: Responder acknowledged service. Released 5 responder(s) from hunting pool. | Incident Declined | Responder Lapua 1 ETA updated: 11min ETA ±8.75 KM. | DISPATCH RECEIVED: Lapua 1 - confirmed received at 2026-05-13 06:53:57. | DISPATCH SENT: Lapua 1 - command sent at 2026-05-13 06:53:56. | Lapua 1 (Lapua Strike Force) arrived on scene at 2026-05-13 07:08:51. | Time RO is on scene 07H:07M for Armed Response. | Calling Alerter | Armed Response for incident was completed. | Incident was completed.,Bolt driver pressed the panic not answering | No vehicle currently available | Armed response made contact with the driver who confirmed was accidental. The number on the app is no longer in use. I advise updating,Enter Name of Responding Partner: Lapua strike force | Enter Name of Responding Officer: Jakes | Enter Incident Description: Bolt driver press panic but he said that he has a problem with the phone or gps,,"d14cb39b-03d9-4a92-89b3-181ad33dec1c,6cb504bc-af72-4b95-a3f5-d941ece8aab6,ed9181fa-90d9-4ea0-b291-d313c298d8d9,5ca929f1-3906-47d1-b448-342414082c28",4
270889,3,False,creation=dispatcher false_alarm=no services=Armed Response,Incident Created | Incident Acknowledged | Calling Alerter | Calling Alerter | Incident Acknowledged | Incident Comment Created | Incident Acknowledged | Armed Response service was assigned to incident | Incident Acknowledged | Incident Comment Created | Admin dispatched [Dondwe Terry Security Services] successfully | Incident Acknowledged | Incident Comment Created | Incident Acknowledged | Incident Comment Created | Incident Comment Created | Partner organisation 'Dondwe Terry Security Services' manually linked to Armed Response service | Incident Comment Created | Partner organisation 'Dondwe Terry Security Services' manually linked to Armed Response service | Anja Dreyer (Liv Security) arrived on scene at 2026-04-13 11:33:12. | Incident Comment Created | Armed Response for incident was completed. | Incident was completed. | Armed Response for incident was completed. | Incident was completed.,TESTING - PLEASE TO NOT CLOSE | copy that | 19minutes eta for test | eta - 5MINS | Proceed - Dondwe Terry | Arrived | Location submitted via Dynamic Form (Form Submitted),Name of Responding Partner (Security Company) here:: Dondwe | Name of Responding Officer: Joghn | Incident Description: Client is now okay all is well,,79705c3c-adfe-4fa9-9b63-ae4ca5265b8a,1
272132,3,False,creation=dispatcher false_alarm=no services=Armed Response,Incident Created | Incident Acknowledged | Calling Alerter | Calling Alerter | Calling Alerter | Calling Alerter | Calling Alerter | Incident Acknowledged | Calling Alerter | Armed Response service was assigned to incident | Incident Acknowledged | Contacted Alerter | Incident Comment Created | Admin dispatched [SDU Security and Private Investigation] successfully | Incident Acknowledged | Armed Response service for incident accepted. | Armed Response service accepted by 06 Renier Responder from SDU Security and Private Investigation. | Auto-dispatch stopped for Armed Response: Responder acknowledged service. Released 4 responder(s) from hunting pool. | Responder 06 Renier Responder ETA updated: 00min ETA ±0.02 KM. | 06 Renier Responder (SDU Security and Private Investigation) arrived on scene at 2026-04-15 10:40:52. | Incident Acknowledged | Incident Comment Created | Incident Comment Created | Armed Response for incident was completed. | Incident was completed.,Test - Do not accept | 1 min away | @SDU Kindly proceed | Arrived | Location submitted via Dynamic Form (Form Submitted),Name of Responding Officer: Renier | Name of Responding Partner (Security Company) here:: SDU SECURITY | Incident Description: All in order,,606a7d29-51ca-40ee-b29b-1476e123f696,1
272197,3,False,creation=dispatcher false_alarm=no services=Armed Response,Incident Created | Incident Acknowledged | Calling Alerter | Incident Acknowledged | Armed Response service was assigned to incident | Incident Acknowledged | Incident Acknowledged | Incident Comment Created | Incident Comment Created | Incident Comment Created | Incident Comment Created | Incident Comment Created | Incident Declined | Incident Declined | Incident Declined | Incident was completed. | Armed Response for incident was completed. | Incident Comment Created,Testing | Kindly update ETA? | ETA 10 min | Proceed | Location submitted via Dynamic Form (Form Submitted) | Stand down,Incident Description: test | Name of Responding Partner (Security Company) here:: test | Name of Responding Officer: test,,"75292d0b-e6c9-4364-971f-b9af0fe40567,f0895fe0-8b10-491d-b28a-32739adf404d",2
272501,3,False,creation=dispatcher false_alarm=no services=Armed Response,Incident Created | Incident Acknowledged | Admin dispatched [TrekT Log] successfully | Incident Acknowledged | Armed Response service was assigned to incident | Incident Acknowledged | Incident Comment Created | Incident Comment Created | Incident Comment Created | Incident Comment Created | Admin dispatched [Alpha Security and Patrols] successfully | Incident Comment Created | Partner organisation 'Alpha Security and Patrols' manually linked to Armed Response service | Indicated ETA is 00H:28M for Armed Response. | Partner organisation 'Alpha Security and Patrols' manually linked to Armed Response service | Partner organisation 'Alpha Security and Patrols' manually linked to Armed Response service | Sifiso Gina (Liv Security) arrived on scene at 2026-04-16 02:50:40. | Time RO is on scene 02H:39M for Armed Response. | Partner organisation 'Alpha Security and Patrols' manually linked to Armed Response service | Incident Comment Created | Incident Comment Created | Incident Comment Created | Incident Comment Created | Incident Comment Created | Incident Comment Created | Incident Comment Created | Armed Response for incident was completed. | Incident was completed.,"negative responder in the area | Armed Response
Site Name/Locality
Mandawe Cross IHS T1028
Site ID
T1028
Tracking Device
T1028 - Mandawe Cross IHS
Date Started
2026-04-15 19:14:55
Response Radius
1000 Km
Response Coordinates
-28.789289 31.523118
Access to Site?
Yes | Morning team, reaction to do perimeter check at  T1028 - Mandawe Cross IHS  - CELL PHONE TOWER MTN. | Alpha Security and Patrols proceeding ETA 28 min | T1028 - Mandawe Cross IHS | 1 | 2 | 3 | 4 | 5 | External all around check done.gate closed and locked 🔒, fance is in a good condition, there's a power on site everything seems to be 10-20 on site | Location submitted via Dynamic Form (Form Submitted)",Name of Responding Officer: VD Ncube SS Ngema | Incident Description: External all round check done gate is closed and locked there is power on site everything seems to be in order | Name of Responding Partner (Security Company) here:: Alpha Electronics,,"ecc4e32f-1d2a-4e4a-b4a7-6d8767486894,6cb504bc-af72-4b95-a3f5-d941ece8aab6,35fa9ecb-503c-4624-8b1e-483fe3aeb80b",3
272867,3,False,creation=dispatcher false_alarm=no services=Armed Response,"Incident Created | Incident Acknowledged | Incident Acknowledged | Calling Alerter | Incident Acknowledged | Armed Response service was assigned to incident | Panic Emergency State set to False Alarm | Incident Acknowledged | Incident Manually Resolved | Incident Comment Created | Incident Comment Created | Christine Ngoako dispatched Comfort Responder. Reason: Test | Armed Response service for incident accepted. | Armed Response service accepted by Comfort Responder from Qapha Alarms. | DISPATCH RECEIVED: Comfort Responder - confirmed received at 2026-04-16 14:47:48. App receipt location: (-24.698267, 30.341572). | DISPATCH SENT: Comfort Responder - command sent at 2026-04-16 14:47:47. Location at dispatch: (-24.698267, 30.341573). | Responder Comfort Responder ETA updated: 29min ETA ±568.33 KM. | Incident Comment Created | Incident Comment Created | Incident Comment Created | Incident Comment Created | Incident Comment Created | Incident Acknowledged | Incident Comment Created | Incident Manually Resolved",test | Test | noted | 8hrs | Proceed | Hi | Hi | thought this was a test | Hi | @trek T this is a test for a partner | Struggle with the dynamic form | Testing,,,"606a7d29-51ca-40ee-b29b-1476e123f696,f0895fe0-8b10-491d-b28a-32739adf404d",2
273605,3,True,creation=dispatcher false_alarm=yes services=Armed Response,Incident Created | Incident Acknowledged | Armed Response service was assigned to incident | Incident Acknowledged | Incident Acknowledged | Incident Comment Created | Admin dispatched [Mthonjaneni Protection Services] successfully | Incident Comment Created | Incident Comment Created | Incident Comment Created | Incident Comment Created | Incident Comment Created | Incident Comment Created | Incident Manually Resolved,"negative responder | Brnblackal to far out | Mthonjaneni to far away | KTnel no vehicle | Buffalo out of area | Alpha don't response to anything related to Northern Cape Security Solutions | Name: Qapha Alarms
Contact: 072 944 8310
Did  call  out of  their  area  of  response | testing location",,,79705c3c-adfe-4fa9-9b63-ae4ca5265b8a,1
273616,3,True,creation=dispatcher false_alarm=yes services=Armed Response,Incident Created | Incident Acknowledged | Armed Response service was assigned to incident | Incident Acknowledged | Incident Comment Created | Admin dispatched [Reflex Secure] successfully | Partner organisation 'Reflex Secure' manually linked to Armed Response service | Indicated ETA is 02H:44M for Armed Response. | Partner organisation 'Reflex Secure' manually linked to Armed Response service | Incident Comment Created | Incident Comment Created | Incident Comment Created | Incident Comment Created | Incident Comment Created | Incident Comment Created | Incident Comment Created | Incident Comment Created | Incident Comment Created | Incident Manually Resolved,"Handler
Northern Cape Security Solutions
Handler Phone Number
053 244 0883
Handler Email
jacobsdal@ncssolutions.co.za
Name
Armed Response
Site Name/Locality
Jamersons Drift VC T5464
Site ID
T5464
Tracking Device
T5464 - Jamersons Drift VC
Date Started
2026-04-17 20:12:22
Response Radius
1000 Km
Response Coordinates
-28.798888 30.919476
Access to Site?
Yes | negative responder | Reflex enroute ETA 2h 44min | ETA 2h 10min | , | Ro is unable to continue due to the road conditions , Response is driving a GOLF GTI and it's to wrong , it can slash the tires and damage the car underneath | Response cannot proceed due to bad road conditions",,,"62912ec6-848f-4b62-8ec9-ed6e6107e407,93dde6af-4f46-4426-bf0a-84329a6f8247",2
275344,3,True,creation=dispatcher false_alarm=yes services=Armed Response,"Incident Created | Incident Acknowledged | Armed Response service was assigned to incident | Incident Acknowledged | Incident Acknowledged | Armed Response service accepted by Road T1 Responder from Cougar Action Protection Services. | Armed Response service for incident accepted. | Auto-dispatch stopped for Armed Response: Responder acknowledged service. Released 3 responder(s) from hunting pool. | DISPATCH RECEIVED: Road T1 Responder - confirmed received at 2026-04-21 10:06:50. App receipt location: (-26.258688, 27.934011). | Responder Road T1 Responder ETA updated: 07min ETA ±4.13 KM. | DISPATCH SENT: Road T1 Responder - command sent at 2026-04-21 10:06:49. Location at dispatch: (-26.258688, 27.934012). | Incident Comment Created | Incident Acknowledged | Incident Comment Created | Incident Comment Created | Incident Comment Created | Incident Comment Created | Incident Comment Created | Incident Comment Created | Road T1 Responder (Cougar Action Protection Services) arrived on scene at 2026-04-21 10:19:01. | Incident Comment Created | Incident Acknowledged | Incident Comment Created | Incident Comment Created | Incident Comment Created | Incident Comment Created | Incident Manually Resolved","T1 Please proceed | Couger Please advise response to proceed | Copy r.o proceeding 8 mike | T1 still not moving on the map? | ETA? | R.o arrived | Please share picture | Thank you. We are busy testing new responder app. Good response, Please complete case on the app | Panic testing copy team | Please complete form onscene | Copy | Any feedback? | Testing | Location submitted via Dynamic Form (Form Submitted) | Location submitted via Dynamic Form (Form Submitted)",Incident Description: There is no one outside the premises | Name of Responding Partner (Security Company) here:: Cougar | Name of Responding Officer: Sifiso Zulu,,79705c3c-adfe-4fa9-9b63-ae4ca5265b8a,1
276521,3,False,creation=dispatcher false_alarm=no services=Armed Response,Incident Created | Incident Acknowledged | Calling Alerter | Incident Acknowledged | Armed Response service was assigned to incident | Incident Acknowledged | Incident Declined | Incident Comment Created | Incident Acknowledged | Incident Declined | Incident Comment Created | Incident Comment Created | Incident Comment Created | Incident Comment Created | Incident Comment Created | Incident Declined | Incident Declined | Incident Declined | Incident Acknowledged | Incident Acknowledged | Armed Response for incident was completed. | Incident Acknowledged | Incident Comment Created | Incident Manually Resolved,Test | Proceed | ETA 2 MINUTES | ARRIVED | Kindly open / fill form | Location submitted via Dynamic Form (Form Submitted) | Stand down | done,Name of Responding Officer: David | Incident Description: All in order client is okay | Name of Responding Partner (Security Company) here:: CopWatch,,79705c3c-adfe-4fa9-9b63-ae4ca5265b8a,1
278269,3,False,creation=dispatcher false_alarm=no services=Armed Response|Police,Incident Created | Incident Acknowledged | Calling Alerter | Calling Alerter | Armed Response service was assigned to incident | Admin dispatched [Geleja Security Services] successfully | Incident Acknowledged | Admin dispatched [Visual Security] successfully | Police service was assigned to incident | Incident Acknowledged | Incident Comment Created | Incident Acknowledged | Incident Comment Created | Partner organisation 'Visual Security' manually linked to Armed Response service | Incident Comment Created | Partner organisation 'Nzalama Ya Rixaka Investment Holdings' manually linked to Armed Response service | Indicated ETA is 00H:08M for Armed Response. | Partner organisation 'Nzalama Ya Rixaka Investment Holdings' manually linked to Armed Response service | Incident Comment Created | Calling Alerter | Calling Alerter | Incident Comment Created | Incident Comment Created | Manual partner 'saps' (existing) linked to Police service | Incident Comment Created | Incident Comment Created | Partner organisation 'Liv Security' manually linked to Police service | Busisiwe Mkheri (Liv Security) arrived on scene at 2026-04-26 22:23:11. | Time RO is on scene 22H:09M for Police. | Partner organisation 'Liv Security' manually linked to Police service | Time RO is on scene 22H:03M for Police. | Partner organisation 'Nzalama Ya Rixaka Investment Holdings' manually linked to Police service | Incident Comment Created | Partner organisation 'Nzalama Ya Rixaka Investment Holdings' manually linked to Armed Response service | Busisiwe Mkheri (Liv Security) arrived on scene at 2026-04-26 22:23:52. | Partner organisation 'Nzalama Ya Rixaka Investment Holdings' manually linked to Armed Response service | Time RO is on scene 22H:09M for Armed Response. | Incident Comment Created | Incident Comment Created | Incident Comment Created | Incident Comment Created | Incident Comment Created | Incident Comment Created | Armed Response for incident was completed. | Armed Response for incident was completed. | Police for incident was completed. | Incident was completed. | Calling Alerter | Calling Alerter | Incident Comment Created,"As  per  client  her  soj  was  trying  to  reverse  his  car  and  the  other drivr  confirm  that  he  bumpede  him.  and  now  they took  the disk of the car | 8 min | Visual Security ETA  20 min | Nzalama Ya Rixaka Investment Holdings r/o  on route ETA  08 min | Calling  SAPS  10111 | SAPS  contacted   spoke to  Constable - Ref no  5036309 | Ro is standing down he was already on the freeway. | Ro back at base | Nzalama Ya Rixaka Investment Holdings r/o arrival  time  22:09 | ,Police has arrived | , | , | , | , | Nzalama Ya Rixaka Investment Holdings Police left with the client | Location submitted via Dynamic Form (Form Submitted) | Claribell Mazibuko +27621287135  client  said  they  went  to  check  the  guy they  didn't find  him. SAPS  advice  the client  to  call back  tomorrow. coded",Name of Responding Officer: Jimmy Makhubele | Name of Responding Partner (Security Company) here:: No partner | Incident Description: Panic pressed,,"eaf82b32-db2f-4b50-bccd-f99703333eb2,3e85accc-dc19-4dab-a680-684cf33b6015,7347656c-81a7-4b6d-9f07-0cb85210c4e7",3
279021,3,False,creation=dispatcher false_alarm=no services=Armed Response,Incident Created | Incident Acknowledged | Incident Acknowledged | Armed Response service was assigned to incident | Incident Acknowledged | Incident Comment Created | Incident Manually Resolved,"Test | Wrong Address, test for partner training",,,a4a1a2b8-2b1b-4651-b821-6092ed1c78d6,1
279025,3,True,creation=dispatcher false_alarm=yes services=Armed Response,Incident Created | Incident Acknowledged | Incident Acknowledged | Armed Response service was assigned to incident | Incident Comment Created | Incident Acknowledged | Incident Acknowledged | Incident Comment Created | Incident Comment Created | Incident Comment Created | Incident Comment Created | Incident Comment Created | Armed Response for incident was completed. | Incident Comment Created | Calling Alerter | Incident Manually Resolved,Test- partner training | ETA 2 MINUTES | Proceed | ARRIVED | Kindly fill in form | Location submitted via Dynamic Form (Form Submitted) | Stand down | Test,Name of Responding Partner (Security Company) here:: BATHLAPING SECURITY SERVICES | Name of Responding Officer: SANDILE TLAPI | Incident Description: ALL IN ORDER,,606a7d29-51ca-40ee-b29b-1476e123f696,1
279090,3,True,creation=dispatcher false_alarm=yes services=Armed Response,"Incident Created | Incident Acknowledged | Incident Acknowledged | Armed Response service was assigned to incident | Incident Comment Created | Armed Response service for incident accepted. | Armed Response service accepted by Sindile Responder from Intaka Protection Services. | Responder Sindile Responder ETA updated: 15min ETA ±12.85 KM. | DISPATCH RECEIVED: Sindile Responder - confirmed received at 2026-04-28 12:41:57. App receipt location: (-33.885319, 25.571756). | DISPATCH SENT: Sindile Responder - command sent at 2026-04-28 12:41:56. Location at dispatch: (-33.885319, 25.571757). | Incident Comment Created | Partner organisation 'Intaka Protection Services' manually linked to Armed Response service | Sindile Responder (Intaka Protection Services) arrived on scene at 2026-04-28 12:45:10. | Incident Comment Created | Armed Response for incident was completed. | Incident Comment Created | Incident Acknowledged | Incident Comment Created | Incident Manually Resolved | Incident Comment Created | Incident Comment Created | Incident Comment Created",Test - Training | ATA 16m | Proceed | Arrived | Kindly fill in form | Location submitted via Dynamic Form (Form Submitted) | Stand down | response is onsite | test | can response withdraw | response met up with Mr sheldon all in order | all in order,Name of Responding Partner (Security Company) here:: Intaka | Name of Responding Officer: Sindile | Incident Description: All in order,,606a7d29-51ca-40ee-b29b-1476e123f696,1
280208,3,False,creation=dispatcher false_alarm=no services=Armed Response,Incident Created | Incident Acknowledged | Calling Alerter | Incident Acknowledged | Armed Response service was assigned to incident | Incident Acknowledged | Incident Acknowledged | Incident Comment Created | Incident Comment Created | Incident Comment Created | Incident Comment Created | Incident Acknowledged | Incident Comment Created | Incident Acknowledged | Incident Declined | Incident Declined | Incident Declined | Incident Declined | Incident Comment Created | Incident Comment Created | Incident Comment Created | Incident Comment Created | Incident Comment Created | Armed Response for incident was completed. | Incident Manually Resolved,NO VEHICLE AVAILABLE TEAM | Test | comms made client on test with a patrner | comms made client on test with a partner. | @bella kindly confirm ETA | 12 mins | Proceed | Arrived | Kindly fill in  form | Location submitted via Dynamic Form (Form Submitted) | client testing,Name of Responding Partner (Security Company) here:: Bella Security | Name of Responding Officer: David | Incident Description: client is okay husband was stabbed,,606a7d29-51ca-40ee-b29b-1476e123f696,1
280282,3,False,creation=dispatcher false_alarm=no services=Armed Response,Incident Created | Incident Acknowledged | Armed Response service was assigned to incident | Incident Comment Created | Incident Acknowledged | Auto-dispatch stopped for Armed Response: Direct dispatch to user ID 65135. Released 4 responder(s) from hunting pool. | Christine Ngoako dispatched Vik 1. Reason: Test | Incident Comment Created | Incident Comment Created | Incident Comment Created | Incident Comment Created | Armed Response for incident was completed. | Incident Acknowledged | Armed Response for incident was completed. | Incident was completed.,Test | test | Test for TrekT | noted | Location submitted via Dynamic Form (Form Submitted),Name of Responding Partner (Security Company) here:: TrekT log | Incident Description: test | Name of Responding Officer: Lecretia,,606a7d29-51ca-40ee-b29b-1476e123f696,1
281998,3,True,creation=dispatcher false_alarm=yes services=Armed Response,Incident Created | Incident Acknowledged | Armed Response service was assigned to incident | Admin dispatched [CopWatch] successfully | Incident Acknowledged | Incident Acknowledged | Incident Acknowledged | Incident Acknowledged | Partner organisation 'CopWatch' manually linked to Armed Response service | Incident Comment Created | Partner organisation 'CopWatch' manually linked to Armed Response service | Indicated ETA is 00H:15M for Armed Response. | Incident Comment Created | Incident Comment Created | Partner organisation 'CopWatch' manually linked to Armed Response service | Jabulile Maduna (Liv Security) arrived on scene at 2026-05-04 10:18:52. | Partner organisation 'CopWatch' manually linked to Armed Response service | Time RO is on scene 10H:03M for Armed Response. | Admin has released the incident | Incident Comment Created | Incident Comment Created | Incident Comment Created | Incident Manually Resolved,Location submitted via Dynamic Form (Form Submitted) | copwatch despatching cw11 | eta10 min | cw11 arrived 10:03 | contact with Mr Paul the driver AIO,,,"49db1ca6-2a0d-4e0a-a4dc-0342085b2489,6cb504bc-af72-4b95-a3f5-d941ece8aab6,ed9181fa-90d9-4ea0-b291-d313c298d8d9",3
282714,3,False,creation=dispatcher false_alarm=no services=Armed Response,"Incident Created | Incident Acknowledged | Calling Alerter | Calling Alerter | Incident Acknowledged | Armed Response service was assigned to incident | Incident Comment Created | Christine Ngoako dispatched Osmond Responder. Reason: Partner Test | Auto-dispatch stopped for Armed Response: Direct dispatch to user ID 206027. Released 1 responder(s) from hunting pool. | Armed Response service for incident accepted. | Armed Response service accepted by Osmond Responder from Ostera. | DISPATCH RECEIVED: Osmond Responder - confirmed received at 2026-05-05 10:24:19. App receipt location: (-33.975452, 22.452204). | DISPATCH SENT: Osmond Responder - command sent at 2026-05-05 10:24:17. Location at dispatch: (-33.975453, 22.452204). | Responder Osmond Responder ETA updated: 00min ETA ±0.22 KM. | Incident Comment Created | Incident Comment Created | Partner organisation 'Ostera' manually linked to Armed Response service | Osmond Responder (Ostera) arrived on scene at 2026-05-05 10:29:11. | Armed Response for incident was completed. | Armed Response for incident was completed. | Incident was completed. | Partner organisation 'Ostera' manually linked to Armed Response service | [Post-Completion Update] Time RO is on scene 10H:29M for Armed Response.",Test- Partner Training | Kindly advise on your ETA | Eta 1 minute | Kindly proceed | Arrived | Location submitted via Dynamic Form (Form Submitted),Name of Responding Officer: osmond | Name of Responding Partner (Security Company) here:: Ostera | Incident Description: test,,606a7d29-51ca-40ee-b29b-1476e123f696,1
283369,3,True,creation=dispatcher false_alarm=yes services=Armed Response,Armed Response service was assigned to incident | Incident Created | Incident Acknowledged | Calling Alerter | Calling Alerter | Calling Alerter | Incident Acknowledged | Incident Acknowledged | Incident Comment Created | Incident Comment Created | Incident Comment Created | Incident Acknowledged | Incident Manually Resolved,Testing | Testing | Testing,,,79705c3c-adfe-4fa9-9b63-ae4ca5265b8a,1
283955,3,True,creation=dispatcher false_alarm=yes services=Armed Response,"Incident Created | Incident Acknowledged | Incident Acknowledged | Calling Alerter | Calling Alerter | Calling Alerter | Armed Response service was assigned to incident | Incident Comment Created | Armed Response service for incident accepted. | Armed Response service accepted by Abel Lucky Responder from Berrut Security and Training. | Auto-dispatch stopped for Armed Response: Responder acknowledged service. Released 4 responder(s) from hunting pool. | DISPATCH RECEIVED: Abel Lucky Responder - confirmed received at 2026-05-07 11:23:44. App receipt location: (0, 0). | DISPATCH SENT: Abel Lucky Responder - command sent at 2026-05-07 11:23:42. Location at dispatch: (-26.19859, 27.81164). | Responder Abel Lucky Responder ETA updated: 03min ETA ±1.48 KM. | Incident Acknowledged | Incident Comment Created | Incident Comment Created | Incident Comment Created | Incident Comment Created | Incident Comment Created | Incident Comment Created | Armed Response for incident was completed. | Incident Comment Created | Incident Acknowledged | Incident Manually Resolved",Test - Partner training | Kindly update eta? | eta 2 mins | Proceed | Arrived | Kindly fill in form | Location submitted via Dynamic Form (Form Submitted) | Stand down | testing,Incident Description: I got to the house and all is in order client is safe | Name of Responding Officer: Lucky | Name of Responding Partner (Security Company) here:: Berrut,,606a7d29-51ca-40ee-b29b-1476e123f696,1
283970,3,False,creation=dispatcher false_alarm=no services=Armed Response,"Incident Created | Incident Acknowledged | Armed Response service was assigned to incident | Incident Comment Created | Incident Acknowledged | Armed Response service accepted by Abel Lucky Responder from Berrut Security and Training. | Armed Response service for incident accepted. | Auto-dispatch stopped for Armed Response: Responder acknowledged service. Released 1 responder(s) from hunting pool. | Responder Abel Lucky Responder ETA updated: 02min ETA ±1.16 KM. | DISPATCH RECEIVED: Abel Lucky Responder - confirmed received at 2026-05-07 11:45:33. App receipt location: (-26.2005, 27.805969). | DISPATCH SENT: Abel Lucky Responder - command sent at 2026-05-07 11:45:32. Location at dispatch: (-26.2005, 27.80597). | Incident Acknowledged | Partner organisation 'Berrut Security and Training' manually linked to Armed Response service | Abel Lucky Responder (Berrut Security and Training) arrived on scene at 2026-05-07 11:46:54. | Armed Response for incident was completed. | Incident Acknowledged | Partner organisation 'Berrut Security and Training' manually linked to Armed Response service | Partner organisation 'Berrut Security and Training' manually linked to Armed Response service | Abel Lucky Responder (Berrut Security and Training) arrived on scene at 2026-05-07 12:28:23. | Calling Alerter | Calling Alerter | Armed Response for incident was completed. | Incident was completed.",Test | hi | Location submitted via Dynamic Form (Form Submitted),Incident Description: All in order test | Name of Responding Partner (Security Company) here:: Berrut | Name of Responding Officer: Lucky,,606a7d29-51ca-40ee-b29b-1476e123f696,1
284053,3,True,creation=dispatcher false_alarm=yes services=Armed Response,Armed Response service was assigned to incident | Incident Acknowledged | Incident Created | Incident Acknowledged | Calling Alerter | Incident Acknowledged | Contacted Alerter | Incident Comment Created | Admin dispatched [Mvikeli Security (KZN)] successfully | Incident Comment Created | Incident Comment Created | Incident Manually Resolved,demo testing | noted | Testing Please Ignore | testing,,,79705c3c-adfe-4fa9-9b63-ae4ca5265b8a,1
284065,3,True,creation=dispatcher false_alarm=yes services=Armed Response,Armed Response service was assigned to incident | Incident Created | Incident Acknowledged | Incident Comment Created | Incident Acknowledged | Incident Comment Created | Incident Comment Created | Admin dispatched [Mvikeli Security (KZN)] successfully | Incident Acknowledged | Incident Comment Created | Incident Comment Created | Incident Comment Created | Admin has released the incident | Incident Acknowledged | Incident Manually Resolved,test | Testing please ignore | Test - Partner training | sorry we was just doing test of cpy and paste | test,,,79705c3c-adfe-4fa9-9b63-ae4ca5265b8a,1
284140,3,True,creation=dispatcher false_alarm=yes services=Armed Response,"Incident Created | Incident Acknowledged | Calling Alerter | Calling Alerter | Armed Response service was assigned to incident | Incident Acknowledged | Armed Response service accepted by S.P Security 3 from S.P. Security Monitoring & Armed Response. | Armed Response service for incident accepted. | Auto-dispatch stopped for Armed Response: Responder acknowledged service. Released 4 responder(s) from hunting pool. | Incident Acknowledged | DISPATCH RECEIVED: S.P Security 3 - confirmed received at 2026-05-07 16:10:30. App receipt location: (-25.751637, 28.223587). | DISPATCH SENT: S.P Security 3 - command sent at 2026-05-07 16:10:29. Location at dispatch: (-25.751636, 28.223587). | Responder S.P Security 3 ETA updated: 01min ETA ±0.52 KM. | S.P Security 3 (S.P. Security Monitoring & Armed Response) arrived on scene at 2026-05-07 16:10:38. | Anja Dreyer revoked S.P Security 3. Revoke Reason: Device Issue. | Incident Manually Resolved",Location submitted via Dynamic Form (Form Submitted) | test,,,606a7d29-51ca-40ee-b29b-1476e123f696,1
284144,3,True,creation=dispatcher false_alarm=yes services=Armed Response,"Incident Created | Incident Acknowledged | Incident Acknowledged | Armed Response service was assigned to incident | Calling Alerter | Incident Declined | Auto-dispatch stopped for Armed Response: Responder acknowledged service. Released 3 responder(s) from hunting pool. | Armed Response service for incident accepted. | Armed Response service accepted by S.P Security 1 from S.P. Security Monitoring & Armed Response. | Responder S.P Security 1 ETA updated: 00min ETA ±0.5 KM. | DISPATCH SENT: S.P Security 1 - command sent at 2026-05-07 16:14:07. Location at dispatch: (-25.751644, 28.223575). | DISPATCH RECEIVED: S.P Security 1 - confirmed received at 2026-05-07 16:14:07. App receipt location: (-25.751644, 28.223576). | Calling Alerter | Incident Manually Resolved",Test,,,6d0595f4-ada8-4d29-be39-6222abbaeb25,1
284720,3,True,creation=dispatcher false_alarm=yes services=Armed Response,"Incident Created | Incident Acknowledged | Incident Acknowledged | Armed Response service was assigned to incident | Calling Alerter | Auto-dispatch stopped for Armed Response: Responder acknowledged service. Released 1 responder(s) from hunting pool. | Armed Response service accepted by Viper ASP 1 from Viper ASP. | Armed Response service for incident accepted. | DISPATCH RECEIVED: Viper ASP 1 - confirmed received at 2026-05-08 16:24:44. App receipt location: (-26.175663, 28.248543). | Responder Viper ASP 1 ETA updated: 01min ETA ±0.55 KM. | DISPATCH SENT: Viper ASP 1 - command sent at 2026-05-08 16:24:43. Location at dispatch: (-26.175663, 28.248543). | Viper ASP 1 (Viper ASP) arrived on scene at 2026-05-08 16:25:02. | Incident Comment Created | Incident Comment Created | Incident Manually Resolved",Testing | Copy thank you all in order you can cancel | Noted | test | Location submitted via Dynamic Form (Form Submitted) | Location submitted via Dynamic Form (Form Submitted) | Location submitted via Dynamic Form (Form Submitted),,,c1a0328a-62a3-4adb-ba65-ebfce752d85b,1
286440,3,False,creation=dispatcher false_alarm=no services=Armed Response,"Incident Created | Incident Acknowledged | Calling Alerter | Incident Acknowledged | Armed Response service was assigned to incident | Incident Comment Created | Incident Declined | Incident Comment Created | Incident Acknowledged | Incident Comment Created | Armed Response service accepted by Khutso Responder from Private Eye Protection. | Armed Response service for incident accepted. | Responder Khutso Responder ETA updated: 13min ETA ±7.06 KM. | Auto-dispatch stopped for Armed Response: Responder acknowledged service. Released 7 responder(s) from hunting pool. | DISPATCH RECEIVED: Khutso Responder - confirmed received at 2026-05-12 09:09:49. App receipt location: (-25.985025, 28.186632). | DISPATCH SENT: Khutso Responder - command sent at 2026-05-12 09:09:49. Location at dispatch: (-25.985026, 28.186632). | Incident Comment Created | Incident Manually Resolved",Test- Partner Training | Partner training | NO TEAM AVAILBLE | 10min | Partner Issue with device - Testing | Test,,,a4a1a2b8-2b1b-4651-b821-6092ed1c78d6,1
286455,3,True,creation=dispatcher false_alarm=yes services=Armed Response,"Incident Created | Incident Acknowledged | Armed Response service was assigned to incident | Incident Comment Created | Incident Declined | Armed Response service for incident accepted. | Armed Response service accepted by Timothy Responder from Dibata Security and Risk Management. | Auto-dispatch stopped for Armed Response: Responder acknowledged service. Released 3 responder(s) from hunting pool. | DISPATCH RECEIVED: Timothy Responder - confirmed received at 2026-05-12 09:25:03. App receipt location: (-26.020691, 28.177359). | DISPATCH SENT: Timothy Responder - command sent at 2026-05-12 09:25:00. Location at dispatch: (-26.020691, 28.177352). | Responder Timothy Responder ETA updated: 00min ETA ±0.03 KM. | Timothy Responder (Dibata Security and Risk Management) arrived on scene at 2026-05-12 09:25:38. | Incident Comment Created | Incident Comment Created | Armed Response for incident was completed. | Incident Acknowledged | Incident Acknowledged | Incident Manually Resolved",Test | Eta update? | 1 min | Proceed | Arrived | Location submitted via Dynamic Form (Form Submitted) | testing Partner,Name of Responding Officer: Timothy | Name of Responding Partner (Security Company) here:: Dibata | Incident Description: The client is fine now her husband was attacking her,,c1a0328a-62a3-4adb-ba65-ebfce752d85b,1
286475,3,True,creation=dispatcher false_alarm=yes services=Armed Response,"Incident Created | Incident Acknowledged | Calling Alerter | Incident Acknowledged | Armed Response service was assigned to incident | Incident Comment Created | Calling Alerter | Contacted Alerter | Confirmed Alerter Testing Panic | Incident Acknowledged | Armed Response service accepted by Reflex Thembisa from Reflex Secure. | Armed Response service for incident accepted. | Auto-dispatch stopped for Armed Response: Responder acknowledged service. Released 4 responder(s) from hunting pool. | DISPATCH RECEIVED: Reflex Thembisa - confirmed received at 2026-05-12 09:52:41. App receipt location: (-26.025343, 28.181559). | Responder Reflex Thembisa ETA updated: 03min ETA ±1.69 KM. | DISPATCH SENT: Reflex Thembisa - command sent at 2026-05-12 09:52:40. Location at dispatch: (-26.025342, 28.181559). | Incident Manually Resolved",Test - Partner Training | test,,,c1a0328a-62a3-4adb-ba65-ebfce752d85b,1
286548,3,True,creation=dispatcher false_alarm=yes services=Armed Response,Incident Created | Incident Acknowledged | Calling Alerter | Incident Acknowledged | Armed Response service was assigned to incident | Calling Alerter | Confirmed Alerter Testing Panic | Incident Comment Created | Incident Acknowledged | Incident Acknowledged | Admin dispatched [Basamariyaa and Projects] successfully | Incident Comment Created | Incident Declined | Incident Acknowledged | Incident Comment Created | Incident Comment Created | Incident Comment Created | Incident Comment Created | Incident Declined | Armed Response for incident was completed. | Incident Comment Created | Incident Manually Resolved,Test- Partner training | no available vehicle | 12MINS ETA | Proceed | Arrived | Location submitted via Dynamic Form (Form Submitted) | Stand down | testing,Name of Responding Partner (Security Company) here:: Basamariyaa | Incident Description: Client was sick but is fine going to doctor | Name of Responding Officer: Kamohelo,,c1a0328a-62a3-4adb-ba65-ebfce752d85b,1
287661,3,False,creation=dispatcher false_alarm=no services=Public Medical,Public Medical service was assigned to incident | Incident Created | Incident Acknowledged | Incident Manually Resolved,testing,,,c1a0328a-62a3-4adb-ba65-ebfce752d85b,1
287664,3,True,creation=dispatcher false_alarm=yes services=Police|Armed Response,Incident Created | Incident Acknowledged | Incident Acknowledged | Incident Comment Created | Police service was assigned to incident | Armed Response service was assigned to incident | Incident Acknowledged | Incident Manually Resolved | Incident Declined,testing | test,,,c1a0328a-62a3-4adb-ba65-ebfce752d85b,1
288331,3,False,creation=dispatcher false_alarm=no services=Armed Response,"Incident Created | Incident Acknowledged | Calling Alerter | Incident Acknowledged | Armed Response service was assigned to incident | Incident Acknowledged | Incident Comment Created | Incident Acknowledged | Armed Response service accepted by Majola Responder from Geleja Security Services. | Armed Response service for incident accepted. | Incident Comment Created | Auto-dispatch stopped for Armed Response: Responder acknowledged service. Released 4 responder(s) from hunting pool. | DISPATCH RECEIVED: Majola Responder - confirmed received at 2026-05-15 12:51:21. App receipt location: (-25.751556, 28.2236). | DISPATCH SENT: Majola Responder - command sent at 2026-05-15 12:51:20. Location at dispatch: (-25.751557, 28.223601). | Responder Majola Responder ETA updated: 00min ETA ±0.5 KM. | Incident Comment Created | Incident Comment Created | Incident Manually Resolved",Test | no available vehicle at the moment | Proceed @Geleja | ETA 12mini | Arrived | Partner Training,,,a4a1a2b8-2b1b-4651-b821-6092ed1c78d6,1
288376,3,True,creation=dispatcher false_alarm=yes services=Armed Response,"Incident Created | Incident Acknowledged | Calling Alerter | Incident Acknowledged | Armed Response service was assigned to incident | Incident Acknowledged | Armed Response service for incident accepted. | Auto-dispatch stopped for Armed Response: Responder acknowledged service. Released 2 responder(s) from hunting pool. | Armed Response service accepted by Thair Shaik from Shaik Security Group. | DISPATCH RECEIVED: Thair Shaik - confirmed received at 2026-05-15 14:31:22. App receipt location: (-26.175743, 27.899204). | Responder Thair Shaik ETA updated: 01min ETA ±0.81 KM. | DISPATCH SENT: Thair Shaik - command sent at 2026-05-15 14:31:21. Location at dispatch: (-26.175743, 27.899205). | Incident Acknowledged | Incident Comment Created | Incident Manually Resolved",TESTING | TEST,,,"75292d0b-e6c9-4364-971f-b9af0fe40567,f0895fe0-8b10-491d-b28a-32739adf404d,606a7d29-51ca-40ee-b29b-1476e123f696",3
288634,3,True,creation=dispatcher false_alarm=yes services=Armed Response,Incident Created | Incident Acknowledged | Calling Alerter | Incident Acknowledged | Armed Response service was assigned to incident | Admin dispatched [Shaka Security] successfully | Incident Comment Created | Incident Comment Created | Incident Comment Created | Admin dispatched [Rhino Security & Armed Response (Kuruman)] successfully | Incident Comment Created | Incident Comment Created | Incident Manually Resolved,"Vaalharts confirmed no longer doing our calls | KTnel - No RO in the area | Shaka - Response busy | Reflex - Our Closest Team Is Still Out On A Call | out of range -Rhino Kuruman | Rocket wanted armed response to stand of with the helicopter pilot while awaiting for an ambulance because there the community started rushing towards them, but after a few minutes , the crowed calm, down, they were just excited to see the helicopter",,,727ee91c-5d4e-4939-b090-9785f30c2ed8,1
